,precision,recall,f1-score,support
B,0.9196891191709845,0.9752747252747253,0.9466666666666667,364.0
IR,0.9837837837837838,1.0,0.9918256130790191,364.0
N,1.0,1.0,1.0,61.0
OR,0.9942084942084942,0.9432234432234432,0.9680451127819549,546.0
accuracy,0.9700374531835206,0.9700374531835206,0.9700374531835206,0.9700374531835206
macro avg,0.9744203492908157,0.9796245421245422,0.9766343481319102,1335.0
weighted avg,0.9713123404594558,0.9700374531835206,0.9701601658474733,1335.0
