fold,accuracy,macro_f1
1,0.9830508474576272,0.978975685041029
2,0.9186046511627907,0.9008091213454171
3,0.9773539928486293,0.9749268356417053
4,0.8394607843137255,0.8808185650899755
5,0.8792682926829268,0.9019122528178871
