metric,mean,std
accuracy,0.9195477136931398,0.06207143322211552
macro_f1,0.9274884919872027,0.045949272033746665
