,B_f1,IR_f1,N_f1,OR_f1
0,0.5702970297029702,0.7306163021868787,0.0,0.4354272337104955
1,0.8094562647754137,0.9144914491449145,1.0,0.8992289284764691
2,0.6967663209273948,0.9444444444444444,1.0,0.8812278630460448
3,0.7168073676132003,0.7583774250440917,0.9959514170040485,0.8159871244635193
