model,cv_acc,cv_macroF1
LightGBM,0.9631613079049384,0.969777986899621
RandomForest,0.9455637869695235,0.954402003215046
LogReg+PCA20,0.64604473143158,0.7118375973681
