label,rms,kurtosis,crest_factor,spec_entropy,BPFO_ratio,BPFI_ratio,BSF_ratio
B,0.22419492814276748,4.445491801275878,5.568770341818787,0.4406458423807264,0.021666132017329823,0.028749588846503533,0.02832160862068347
IR,0.20638990771274074,9.543519796441158,6.919705023027717,0.4483145258374375,0.03255347566826574,0.06288621737078458,0.02314571667091285
N,0.040257750225669416,2.620375051123684,5.083346826773466,0.4463955174842165,0.005790022187437456,0.00635319962670423,0.007689925400671884
OR,0.21755212991011147,11.74724694142392,6.972202039997429,0.4401547495058488,0.039779182222778695,0.027987611770525476,0.022210483425329625
