label,rms,kurtosis,skewness,crest_factor,spec_entropy,BPFO_ratio,BPFI_ratio,BSF_ratio
B,0.5186978892652406,3.5676706686055555,0.04470468301968414,6.076211245782174,5.767476080950283,1.1664473404001015e-05,0.00019862854999508508,1.2990863481692548e-05
IR,0.4365961665465678,6.3176635424047145,0.09435549166654669,6.414715591903375,5.45116478329489,6.326649031705923e-05,6.912091225358845e-05,7.97699449107646e-05
N,0.059495331073979627,-0.042210743148635405,0.023988807465084385,3.970345559767283,4.96650131249292,8.161719773677254e-05,0.0011840570857482528,0.0001098413407489366
OR,0.4564637691587924,8.77453463751397,-0.023036949296751846,6.7810157293471915,5.563976680733808,6.667016251493631e-06,8.327751975529141e-05,5.278463873077629e-06
