label,rms,kurtosis,crest_factor,spec_entropy,BPFO_ratio,BPFI_ratio,BSF_ratio
B,0.22505886329856495,4.862747429545217,5.889714205213615,0.4425005175428536,0.028481023796623917,0.03473518390343051,0.033012879011671395
IR,0.20674282017242634,10.423845486232237,7.2996206817209615,0.449662432622842,0.039212380590676686,0.08019827636490011,0.02394247088356952
N,0.0402685119226993,2.63479403150971,5.220591759194639,0.4459712226644148,0.00918483506727865,0.007614480503081848,0.008632621283767555
OR,0.2184478405147983,12.997542113597994,7.374604385739785,0.4418846341316719,0.06674652603334408,0.033842694592157545,0.02577981738625474
